Gini.Index,Group
0.764640168,Pos
0.681019675,Pos
0.737304639,Pos
0.622562505,Neg
0.776385053,Neg
0.732344566,Neg
